指标名称,指标代码,国家名称,国家代码,年份,GDP值
GDP (constant 2015 US$),NY.GDP.MKTP.KD,Australia,AUS,1976,403793000000.0
GDP (constant 2015 US$),NY.GDP.MKTP.KD,Australia,AUS,1977,418299000000.0
GDP (constant 2015 US$),NY.GDP.MKTP.KD,Australia,AUS,1978,422044000000.0
GDP (constant 2015 US$),NY.GDP.MKTP.KD,Australia,AUS,1979,439144000000.0
GDP (constant 2015 US$),NY.GDP.MKTP.KD,Australia,AUS,1980,452470000000.0
GDP (constant 2015 US$),NY.GDP.MKTP.KD,Australia,AUS,1981,467593000000.0
GDP (constant 2015 US$),NY.GDP.MKTP.KD,Australia,AUS,1982,483157000000.0
GDP (constant 2015 US$),NY.GDP.MKTP.KD,Australia,AUS,1983,472403000000.0
GDP (constant 2015 US$),NY.GDP.MKTP.KD,Australia,AUS,1984,493966000000.0
GDP (constant 2015 US$),NY.GDP.MKTP.KD,Australia,AUS,1985,520056000000.0
GDP (constant 2015 US$),NY.GDP.MKTP.KD,Australia,AUS,1986,540701000000.0
GDP (constant 2015 US$),NY.GDP.MKTP.KD,Australia,AUS,1987,554525000000.0
GDP (constant 2015 US$),NY.GDP.MKTP.KD,Australia,AUS,1988,586473000000.0
GDP (constant 2015 US$),NY.GDP.MKTP.KD,Australia,AUS,1989,609223000000.0
GDP (constant 2015 US$),NY.GDP.MKTP.KD,Australia,AUS,1990,630990000000.0
GDP (constant 2015 US$),NY.GDP.MKTP.KD,Australia,AUS,1991,628563000000.0
GDP (constant 2015 US$),NY.GDP.MKTP.KD,Australia,AUS,1992,631285000000.0
GDP (constant 2015 US$),NY.GDP.MKTP.KD,Australia,AUS,1993,656826000000.0
GDP (constant 2015 US$),NY.GDP.MKTP.KD,Australia,AUS,1994,682960000000.0
GDP (constant 2015 US$),NY.GDP.MKTP.KD,Australia,AUS,1995,709529000000.0
GDP (constant 2015 US$),NY.GDP.MKTP.KD,Australia,AUS,1996,736957000000.0
GDP (constant 2015 US$),NY.GDP.MKTP.KD,Australia,AUS,1997,765830000000.0
GDP (constant 2015 US$),NY.GDP.MKTP.KD,Australia,AUS,1998,801647000000.0
GDP (constant 2015 US$),NY.GDP.MKTP.KD,Australia,AUS,1999,841955000000.0
GDP (constant 2015 US$),NY.GDP.MKTP.KD,Australia,AUS,2000,874927000000.0
GDP (constant 2015 US$),NY.GDP.MKTP.KD,Australia,AUS,2001,892701000000.0
GDP (constant 2015 US$),NY.GDP.MKTP.KD,Australia,AUS,2002,927960000000.0
GDP (constant 2015 US$),NY.GDP.MKTP.KD,Australia,AUS,2003,956646000000.0
GDP (constant 2015 US$),NY.GDP.MKTP.KD,Australia,AUS,2004,997007000000.0
GDP (constant 2015 US$),NY.GDP.MKTP.KD,Australia,AUS,2005,1028470000000.0
GDP (constant 2015 US$),NY.GDP.MKTP.KD,Australia,AUS,2006,1056970000000.0
GDP (constant 2015 US$),NY.GDP.MKTP.KD,Australia,AUS,2007,1097020000000.0
GDP (constant 2015 US$),NY.GDP.MKTP.KD,Australia,AUS,2008,1136770000000.0
GDP (constant 2015 US$),NY.GDP.MKTP.KD,Australia,AUS,2009,1159000000000.0
GDP (constant 2015 US$),NY.GDP.MKTP.KD,Australia,AUS,2010,1184610000000.0
GDP (constant 2015 US$),NY.GDP.MKTP.KD,Australia,AUS,2011,1212980000000.0
GDP (constant 2015 US$),NY.GDP.MKTP.KD,Australia,AUS,2012,1260920000000.0
GDP (constant 2015 US$),NY.GDP.MKTP.KD,Australia,AUS,2013,1294390000000.0
GDP (constant 2015 US$),NY.GDP.MKTP.KD,Australia,AUS,2014,1328060000000.0
GDP (constant 2015 US$),NY.GDP.MKTP.KD,Australia,AUS,2015,1356810000000.0
GDP (constant 2015 US$),NY.GDP.MKTP.KD,Australia,AUS,2016,1394190000000.0
GDP (constant 2015 US$),NY.GDP.MKTP.KD,Australia,AUS,2017,1426170000000.0
GDP (constant 2015 US$),NY.GDP.MKTP.KD,Australia,AUS,2018,1467160000000.0
GDP (constant 2015 US$),NY.GDP.MKTP.KD,Australia,AUS,2019,1499350000000.0
GDP (constant 2015 US$),NY.GDP.MKTP.KD,Australia,AUS,2020,1497350000000.0
GDP (constant 2015 US$),NY.GDP.MKTP.KD,Australia,AUS,2021,1527400000000.0
GDP (constant 2015 US$),NY.GDP.MKTP.KD,Australia,AUS,2022,1592360000000.0
GDP (constant 2015 US$),NY.GDP.MKTP.KD,Australia,AUS,2023,1649420000000.0
GDP (constant 2015 US$),NY.GDP.MKTP.KD,Australia,AUS,2024,1672080000000.0
GDP (constant 2015 US$),NY.GDP.MKTP.KD,Australia,AUS,2025,
GDP (constant 2015 US$),NY.GDP.MKTP.KD,China,CHN,1976,308338000000.0
GDP (constant 2015 US$),NY.GDP.MKTP.KD,China,CHN,1977,331679000000.0
GDP (constant 2015 US$),NY.GDP.MKTP.KD,China,CHN,1978,369245000000.0
GDP (constant 2015 US$),NY.GDP.MKTP.KD,China,CHN,1979,397276000000.0
GDP (constant 2015 US$),NY.GDP.MKTP.KD,China,CHN,1980,428399000000.0
GDP (constant 2015 US$),NY.GDP.MKTP.KD,China,CHN,1981,450302000000.0
GDP (constant 2015 US$),NY.GDP.MKTP.KD,China,CHN,1982,491096000000.0
GDP (constant 2015 US$),NY.GDP.MKTP.KD,China,CHN,1983,543778000000.0
GDP (constant 2015 US$),NY.GDP.MKTP.KD,China,CHN,1984,626609000000.0
GDP (constant 2015 US$),NY.GDP.MKTP.KD,China,CHN,1985,710797000000.0
GDP (constant 2015 US$),NY.GDP.MKTP.KD,China,CHN,1986,774308000000.0
GDP (constant 2015 US$),NY.GDP.MKTP.KD,China,CHN,1987,864346000000.0
GDP (constant 2015 US$),NY.GDP.MKTP.KD,China,CHN,1988,961348000000.0
GDP (constant 2015 US$),NY.GDP.MKTP.KD,China,CHN,1989,1001790000000.0
GDP (constant 2015 US$),NY.GDP.MKTP.KD,China,CHN,1990,1041270000000.0
GDP (constant 2015 US$),NY.GDP.MKTP.KD,China,CHN,1991,1138750000000.0
GDP (constant 2015 US$),NY.GDP.MKTP.KD,China,CHN,1992,1301590000000.0
GDP (constant 2015 US$),NY.GDP.MKTP.KD,China,CHN,1993,1482890000000.0
GDP (constant 2015 US$),NY.GDP.MKTP.KD,China,CHN,1994,1676740000000.0
GDP (constant 2015 US$),NY.GDP.MKTP.KD,China,CHN,1995,1861740000000.0
GDP (constant 2015 US$),NY.GDP.MKTP.KD,China,CHN,1996,2047470000000.0
GDP (constant 2015 US$),NY.GDP.MKTP.KD,China,CHN,1997,2237630000000.0
GDP (constant 2015 US$),NY.GDP.MKTP.KD,China,CHN,1998,2414860000000.0
GDP (constant 2015 US$),NY.GDP.MKTP.KD,China,CHN,1999,2601700000000.0
GDP (constant 2015 US$),NY.GDP.MKTP.KD,China,CHN,2000,2825100000000.0
GDP (constant 2015 US$),NY.GDP.MKTP.KD,China,CHN,2001,3059940000000.0
GDP (constant 2015 US$),NY.GDP.MKTP.KD,China,CHN,2002,3342780000000.0
GDP (constant 2015 US$),NY.GDP.MKTP.KD,China,CHN,2003,3681010000000.0
GDP (constant 2015 US$),NY.GDP.MKTP.KD,China,CHN,2004,4053940000000.0
GDP (constant 2015 US$),NY.GDP.MKTP.KD,China,CHN,2005,4518460000000.0
GDP (constant 2015 US$),NY.GDP.MKTP.KD,China,CHN,2006,5091150000000.0
GDP (constant 2015 US$),NY.GDP.MKTP.KD,China,CHN,2007,5811550000000.0
GDP (constant 2015 US$),NY.GDP.MKTP.KD,China,CHN,2008,6373540000000.0
GDP (constant 2015 US$),NY.GDP.MKTP.KD,China,CHN,2009,6972830000000.0
GDP (constant 2015 US$),NY.GDP.MKTP.KD,China,CHN,2010,7711690000000.0
GDP (constant 2015 US$),NY.GDP.MKTP.KD,China,CHN,2011,8441320000000.0
GDP (constant 2015 US$),NY.GDP.MKTP.KD,China,CHN,2012,9104480000000.0
GDP (constant 2015 US$),NY.GDP.MKTP.KD,China,CHN,2013,9812700000000.0
GDP (constant 2015 US$),NY.GDP.MKTP.KD,China,CHN,2014,10544900000000.0
GDP (constant 2015 US$),NY.GDP.MKTP.KD,China,CHN,2015,11280800000000.0
GDP (constant 2015 US$),NY.GDP.MKTP.KD,China,CHN,2016,12045200000000.0
GDP (constant 2015 US$),NY.GDP.MKTP.KD,China,CHN,2017,12875200000000.0
GDP (constant 2015 US$),NY.GDP.MKTP.KD,China,CHN,2018,13745200000000.0
GDP (constant 2015 US$),NY.GDP.MKTP.KD,China,CHN,2019,14579300000000.0
GDP (constant 2015 US$),NY.GDP.MKTP.KD,China,CHN,2020,14920500000000.0
GDP (constant 2015 US$),NY.GDP.MKTP.KD,China,CHN,2021,16199200000000.0
GDP (constant 2015 US$),NY.GDP.MKTP.KD,China,CHN,2022,16706900000000.0
GDP (constant 2015 US$),NY.GDP.MKTP.KD,China,CHN,2023,17611500000000.0
GDP (constant 2015 US$),NY.GDP.MKTP.KD,China,CHN,2024,18488100000000.0
GDP (constant 2015 US$),NY.GDP.MKTP.KD,China,CHN,2025,
GDP (constant 2015 US$),NY.GDP.MKTP.KD,Germany,DEU,1976,1670390000000.0
GDP (constant 2015 US$),NY.GDP.MKTP.KD,Germany,DEU,1977,1726300000000.0
GDP (constant 2015 US$),NY.GDP.MKTP.KD,Germany,DEU,1978,1778240000000.0
GDP (constant 2015 US$),NY.GDP.MKTP.KD,Germany,DEU,1979,1852040000000.0
GDP (constant 2015 US$),NY.GDP.MKTP.KD,Germany,DEU,1980,1878130000000.0
GDP (constant 2015 US$),NY.GDP.MKTP.KD,Germany,DEU,1981,1888070000000.0
GDP (constant 2015 US$),NY.GDP.MKTP.KD,Germany,DEU,1982,1880620000000.0
GDP (constant 2015 US$),NY.GDP.MKTP.KD,Germany,DEU,1983,1910190000000.0
GDP (constant 2015 US$),NY.GDP.MKTP.KD,Germany,DEU,1984,1964110000000.0
GDP (constant 2015 US$),NY.GDP.MKTP.KD,Germany,DEU,1985,2009830000000.0
GDP (constant 2015 US$),NY.GDP.MKTP.KD,Germany,DEU,1986,2055810000000.0
GDP (constant 2015 US$),NY.GDP.MKTP.KD,Germany,DEU,1987,2084630000000.0
GDP (constant 2015 US$),NY.GDP.MKTP.KD,Germany,DEU,1988,2161910000000.0
GDP (constant 2015 US$),NY.GDP.MKTP.KD,Germany,DEU,1989,2246150000000.0
GDP (constant 2015 US$),NY.GDP.MKTP.KD,Germany,DEU,1990,2364190000000.0
GDP (constant 2015 US$),NY.GDP.MKTP.KD,Germany,DEU,1991,2484960000000.0
GDP (constant 2015 US$),NY.GDP.MKTP.KD,Germany,DEU,1992,2535000000000.0
GDP (constant 2015 US$),NY.GDP.MKTP.KD,Germany,DEU,1993,2510330000000.0
GDP (constant 2015 US$),NY.GDP.MKTP.KD,Germany,DEU,1994,2575520000000.0
GDP (constant 2015 US$),NY.GDP.MKTP.KD,Germany,DEU,1995,2614280000000.0
GDP (constant 2015 US$),NY.GDP.MKTP.KD,Germany,DEU,1996,2641410000000.0
GDP (constant 2015 US$),NY.GDP.MKTP.KD,Germany,DEU,1997,2690390000000.0
GDP (constant 2015 US$),NY.GDP.MKTP.KD,Germany,DEU,1998,2746770000000.0
GDP (constant 2015 US$),NY.GDP.MKTP.KD,Germany,DEU,1999,2805270000000.0
GDP (constant 2015 US$),NY.GDP.MKTP.KD,Germany,DEU,2000,2885960000000.0
GDP (constant 2015 US$),NY.GDP.MKTP.KD,Germany,DEU,2001,2933180000000.0
GDP (constant 2015 US$),NY.GDP.MKTP.KD,Germany,DEU,2002,2926490000000.0
GDP (constant 2015 US$),NY.GDP.MKTP.KD,Germany,DEU,2003,2910980000000.0
GDP (constant 2015 US$),NY.GDP.MKTP.KD,Germany,DEU,2004,2944810000000.0
GDP (constant 2015 US$),NY.GDP.MKTP.KD,Germany,DEU,2005,2970890000000.0
GDP (constant 2015 US$),NY.GDP.MKTP.KD,Germany,DEU,2006,3085760000000.0
GDP (constant 2015 US$),NY.GDP.MKTP.KD,Germany,DEU,2007,3174910000000.0
GDP (constant 2015 US$),NY.GDP.MKTP.KD,Germany,DEU,2008,3203100000000.0
GDP (constant 2015 US$),NY.GDP.MKTP.KD,Germany,DEU,2009,3025500000000.0
GDP (constant 2015 US$),NY.GDP.MKTP.KD,Germany,DEU,2010,3150600000000.0
GDP (constant 2015 US$),NY.GDP.MKTP.KD,Germany,DEU,2011,3269000000000.0
GDP (constant 2015 US$),NY.GDP.MKTP.KD,Germany,DEU,2012,3284150000000.0
GDP (constant 2015 US$),NY.GDP.MKTP.KD,Germany,DEU,2013,3297190000000.0
GDP (constant 2015 US$),NY.GDP.MKTP.KD,Germany,DEU,2014,3369070000000.0
GDP (constant 2015 US$),NY.GDP.MKTP.KD,Germany,DEU,2015,3425100000000.0
GDP (constant 2015 US$),NY.GDP.MKTP.KD,Germany,DEU,2016,3501210000000.0
GDP (constant 2015 US$),NY.GDP.MKTP.KD,Germany,DEU,2017,3599170000000.0
GDP (constant 2015 US$),NY.GDP.MKTP.KD,Germany,DEU,2018,3640050000000.0
GDP (constant 2015 US$),NY.GDP.MKTP.KD,Germany,DEU,2019,3675640000000.0
GDP (constant 2015 US$),NY.GDP.MKTP.KD,Germany,DEU,2020,3523760000000.0
GDP (constant 2015 US$),NY.GDP.MKTP.KD,Germany,DEU,2021,3661540000000.0
GDP (constant 2015 US$),NY.GDP.MKTP.KD,Germany,DEU,2022,3727790000000.0
GDP (constant 2015 US$),NY.GDP.MKTP.KD,Germany,DEU,2023,3695370000000.0
GDP (constant 2015 US$),NY.GDP.MKTP.KD,Germany,DEU,2024,3677050000000.0
GDP (constant 2015 US$),NY.GDP.MKTP.KD,Germany,DEU,2025,
GDP (constant 2015 US$),NY.GDP.MKTP.KD,Finland,FIN,1976,98263052167.0
GDP (constant 2015 US$),NY.GDP.MKTP.KD,Finland,FIN,1977,98498402622.0
GDP (constant 2015 US$),NY.GDP.MKTP.KD,Finland,FIN,1978,101374000000.0
GDP (constant 2015 US$),NY.GDP.MKTP.KD,Finland,FIN,1979,108594000000.0
GDP (constant 2015 US$),NY.GDP.MKTP.KD,Finland,FIN,1980,114446000000.0
GDP (constant 2015 US$),NY.GDP.MKTP.KD,Finland,FIN,1981,115922000000.0
GDP (constant 2015 US$),NY.GDP.MKTP.KD,Finland,FIN,1982,119500000000.0
GDP (constant 2015 US$),NY.GDP.MKTP.KD,Finland,FIN,1983,123209000000.0
GDP (constant 2015 US$),NY.GDP.MKTP.KD,Finland,FIN,1984,127185000000.0
GDP (constant 2015 US$),NY.GDP.MKTP.KD,Finland,FIN,1985,131687000000.0
GDP (constant 2015 US$),NY.GDP.MKTP.KD,Finland,FIN,1986,135315000000.0
GDP (constant 2015 US$),NY.GDP.MKTP.KD,Finland,FIN,1987,140134000000.0
GDP (constant 2015 US$),NY.GDP.MKTP.KD,Finland,FIN,1988,147464000000.0
GDP (constant 2015 US$),NY.GDP.MKTP.KD,Finland,FIN,1989,154961000000.0
GDP (constant 2015 US$),NY.GDP.MKTP.KD,Finland,FIN,1990,156033000000.0
GDP (constant 2015 US$),NY.GDP.MKTP.KD,Finland,FIN,1991,146857000000.0
GDP (constant 2015 US$),NY.GDP.MKTP.KD,Finland,FIN,1992,141994000000.0
GDP (constant 2015 US$),NY.GDP.MKTP.KD,Finland,FIN,1993,140887000000.0
GDP (constant 2015 US$),NY.GDP.MKTP.KD,Finland,FIN,1994,146472000000.0
GDP (constant 2015 US$),NY.GDP.MKTP.KD,Finland,FIN,1995,152675000000.0
GDP (constant 2015 US$),NY.GDP.MKTP.KD,Finland,FIN,1996,158266000000.0
GDP (constant 2015 US$),NY.GDP.MKTP.KD,Finland,FIN,1997,168392000000.0
GDP (constant 2015 US$),NY.GDP.MKTP.KD,Finland,FIN,1998,177576000000.0
GDP (constant 2015 US$),NY.GDP.MKTP.KD,Finland,FIN,1999,185371000000.0
GDP (constant 2015 US$),NY.GDP.MKTP.KD,Finland,FIN,2000,196037000000.0
GDP (constant 2015 US$),NY.GDP.MKTP.KD,Finland,FIN,2001,201212000000.0
GDP (constant 2015 US$),NY.GDP.MKTP.KD,Finland,FIN,2002,204607000000.0
GDP (constant 2015 US$),NY.GDP.MKTP.KD,Finland,FIN,2003,208724000000.0
GDP (constant 2015 US$),NY.GDP.MKTP.KD,Finland,FIN,2004,217084000000.0
GDP (constant 2015 US$),NY.GDP.MKTP.KD,Finland,FIN,2005,223113000000.0
GDP (constant 2015 US$),NY.GDP.MKTP.KD,Finland,FIN,2006,232081000000.0
GDP (constant 2015 US$),NY.GDP.MKTP.KD,Finland,FIN,2007,244411000000.0
GDP (constant 2015 US$),NY.GDP.MKTP.KD,Finland,FIN,2008,246329000000.0
GDP (constant 2015 US$),NY.GDP.MKTP.KD,Finland,FIN,2009,226435000000.0
GDP (constant 2015 US$),NY.GDP.MKTP.KD,Finland,FIN,2010,233609000000.0
GDP (constant 2015 US$),NY.GDP.MKTP.KD,Finland,FIN,2011,239193000000.0
GDP (constant 2015 US$),NY.GDP.MKTP.KD,Finland,FIN,2012,235551000000.0
GDP (constant 2015 US$),NY.GDP.MKTP.KD,Finland,FIN,2013,233243000000.0
GDP (constant 2015 US$),NY.GDP.MKTP.KD,Finland,FIN,2014,232128000000.0
GDP (constant 2015 US$),NY.GDP.MKTP.KD,Finland,FIN,2015,233211000000.0
GDP (constant 2015 US$),NY.GDP.MKTP.KD,Finland,FIN,2016,239209000000.0
GDP (constant 2015 US$),NY.GDP.MKTP.KD,Finland,FIN,2017,247111000000.0
GDP (constant 2015 US$),NY.GDP.MKTP.KD,Finland,FIN,2018,250059000000.0
GDP (constant 2015 US$),NY.GDP.MKTP.KD,Finland,FIN,2019,253434000000.0
GDP (constant 2015 US$),NY.GDP.MKTP.KD,Finland,FIN,2020,247121000000.0
GDP (constant 2015 US$),NY.GDP.MKTP.KD,Finland,FIN,2021,253735000000.0
GDP (constant 2015 US$),NY.GDP.MKTP.KD,Finland,FIN,2022,255671000000.0
GDP (constant 2015 US$),NY.GDP.MKTP.KD,Finland,FIN,2023,253270000000.0
GDP (constant 2015 US$),NY.GDP.MKTP.KD,Finland,FIN,2024,254324000000.0
GDP (constant 2015 US$),NY.GDP.MKTP.KD,Finland,FIN,2025,
GDP (constant 2015 US$),NY.GDP.MKTP.KD,France,FRA,1976,1122640000000.0
GDP (constant 2015 US$),NY.GDP.MKTP.KD,France,FRA,1977,1162540000000.0
GDP (constant 2015 US$),NY.GDP.MKTP.KD,France,FRA,1978,1208460000000.0
GDP (constant 2015 US$),NY.GDP.MKTP.KD,France,FRA,1979,1253110000000.0
GDP (constant 2015 US$),NY.GDP.MKTP.KD,France,FRA,1980,1274120000000.0
GDP (constant 2015 US$),NY.GDP.MKTP.KD,France,FRA,1981,1289260000000.0
GDP (constant 2015 US$),NY.GDP.MKTP.KD,France,FRA,1982,1320750000000.0
GDP (constant 2015 US$),NY.GDP.MKTP.KD,France,FRA,1983,1337420000000.0
GDP (constant 2015 US$),NY.GDP.MKTP.KD,France,FRA,1984,1358950000000.0
GDP (constant 2015 US$),NY.GDP.MKTP.KD,France,FRA,1985,1380270000000.0
GDP (constant 2015 US$),NY.GDP.MKTP.KD,France,FRA,1986,1413250000000.0
GDP (constant 2015 US$),NY.GDP.MKTP.KD,France,FRA,1987,1449330000000.0
GDP (constant 2015 US$),NY.GDP.MKTP.KD,France,FRA,1988,1519100000000.0
GDP (constant 2015 US$),NY.GDP.MKTP.KD,France,FRA,1989,1586020000000.0
GDP (constant 2015 US$),NY.GDP.MKTP.KD,France,FRA,1990,1630900000000.0
GDP (constant 2015 US$),NY.GDP.MKTP.KD,France,FRA,1991,1651070000000.0
GDP (constant 2015 US$),NY.GDP.MKTP.KD,France,FRA,1992,1676100000000.0
GDP (constant 2015 US$),NY.GDP.MKTP.KD,France,FRA,1993,1670080000000.0
GDP (constant 2015 US$),NY.GDP.MKTP.KD,France,FRA,1994,1709890000000.0
GDP (constant 2015 US$),NY.GDP.MKTP.KD,France,FRA,1995,1749300000000.0
GDP (constant 2015 US$),NY.GDP.MKTP.KD,France,FRA,1996,1773740000000.0
GDP (constant 2015 US$),NY.GDP.MKTP.KD,France,FRA,1997,1818560000000.0
GDP (constant 2015 US$),NY.GDP.MKTP.KD,France,FRA,1998,1881350000000.0
GDP (constant 2015 US$),NY.GDP.MKTP.KD,France,FRA,1999,1945300000000.0
GDP (constant 2015 US$),NY.GDP.MKTP.KD,France,FRA,2000,2025860000000.0
GDP (constant 2015 US$),NY.GDP.MKTP.KD,France,FRA,2001,2064340000000.0
GDP (constant 2015 US$),NY.GDP.MKTP.KD,France,FRA,2002,2086380000000.0
GDP (constant 2015 US$),NY.GDP.MKTP.KD,France,FRA,2003,2106570000000.0
GDP (constant 2015 US$),NY.GDP.MKTP.KD,France,FRA,2004,2167000000000.0
GDP (constant 2015 US$),NY.GDP.MKTP.KD,France,FRA,2005,2207920000000.0
GDP (constant 2015 US$),NY.GDP.MKTP.KD,France,FRA,2006,2267840000000.0
GDP (constant 2015 US$),NY.GDP.MKTP.KD,France,FRA,2007,2325230000000.0
GDP (constant 2015 US$),NY.GDP.MKTP.KD,France,FRA,2008,2334070000000.0
GDP (constant 2015 US$),NY.GDP.MKTP.KD,France,FRA,2009,2268150000000.0
GDP (constant 2015 US$),NY.GDP.MKTP.KD,France,FRA,2010,2313520000000.0
GDP (constant 2015 US$),NY.GDP.MKTP.KD,France,FRA,2011,2369910000000.0
GDP (constant 2015 US$),NY.GDP.MKTP.KD,France,FRA,2012,2374270000000.0
GDP (constant 2015 US$),NY.GDP.MKTP.KD,France,FRA,2013,2392830000000.0
GDP (constant 2015 US$),NY.GDP.MKTP.KD,France,FRA,2014,2416700000000.0
GDP (constant 2015 US$),NY.GDP.MKTP.KD,France,FRA,2015,2442480000000.0
GDP (constant 2015 US$),NY.GDP.MKTP.KD,France,FRA,2016,2463490000000.0
GDP (constant 2015 US$),NY.GDP.MKTP.KD,France,FRA,2017,2514820000000.0
GDP (constant 2015 US$),NY.GDP.MKTP.KD,France,FRA,2018,2556210000000.0
GDP (constant 2015 US$),NY.GDP.MKTP.KD,France,FRA,2019,2608040000000.0
GDP (constant 2015 US$),NY.GDP.MKTP.KD,France,FRA,2020,2413980000000.0
GDP (constant 2015 US$),NY.GDP.MKTP.KD,France,FRA,2021,2580120000000.0
GDP (constant 2015 US$),NY.GDP.MKTP.KD,France,FRA,2022,2650220000000.0
GDP (constant 2015 US$),NY.GDP.MKTP.KD,France,FRA,2023,2688360000000.0
GDP (constant 2015 US$),NY.GDP.MKTP.KD,France,FRA,2024,2720360000000.0
GDP (constant 2015 US$),NY.GDP.MKTP.KD,France,FRA,2025,
GDP (constant 2015 US$),NY.GDP.MKTP.KD,United Kingdom,GBR,1976,1237670000000.0
GDP (constant 2015 US$),NY.GDP.MKTP.KD,United Kingdom,GBR,1977,1266920000000.0
GDP (constant 2015 US$),NY.GDP.MKTP.KD,United Kingdom,GBR,1978,1310030000000.0
GDP (constant 2015 US$),NY.GDP.MKTP.KD,United Kingdom,GBR,1979,1346020000000.0
GDP (constant 2015 US$),NY.GDP.MKTP.KD,United Kingdom,GBR,1980,1316690000000.0
GDP (constant 2015 US$),NY.GDP.MKTP.KD,United Kingdom,GBR,1981,1299260000000.0
GDP (constant 2015 US$),NY.GDP.MKTP.KD,United Kingdom,GBR,1982,1326450000000.0
GDP (constant 2015 US$),NY.GDP.MKTP.KD,United Kingdom,GBR,1983,1374530000000.0
GDP (constant 2015 US$),NY.GDP.MKTP.KD,United Kingdom,GBR,1984,1411240000000.0
GDP (constant 2015 US$),NY.GDP.MKTP.KD,United Kingdom,GBR,1985,1462040000000.0
GDP (constant 2015 US$),NY.GDP.MKTP.KD,United Kingdom,GBR,1986,1520700000000.0
GDP (constant 2015 US$),NY.GDP.MKTP.KD,United Kingdom,GBR,1987,1590080000000.0
GDP (constant 2015 US$),NY.GDP.MKTP.KD,United Kingdom,GBR,1988,1670090000000.0
GDP (constant 2015 US$),NY.GDP.MKTP.KD,United Kingdom,GBR,1989,1708190000000.0
GDP (constant 2015 US$),NY.GDP.MKTP.KD,United Kingdom,GBR,1990,1721500000000.0
GDP (constant 2015 US$),NY.GDP.MKTP.KD,United Kingdom,GBR,1991,1699250000000.0
GDP (constant 2015 US$),NY.GDP.MKTP.KD,United Kingdom,GBR,1992,1721260000000.0
GDP (constant 2015 US$),NY.GDP.MKTP.KD,United Kingdom,GBR,1993,1781340000000.0
GDP (constant 2015 US$),NY.GDP.MKTP.KD,United Kingdom,GBR,1994,1869570000000.0
GDP (constant 2015 US$),NY.GDP.MKTP.KD,United Kingdom,GBR,1995,1935630000000.0
GDP (constant 2015 US$),NY.GDP.MKTP.KD,United Kingdom,GBR,1996,1986250000000.0
GDP (constant 2015 US$),NY.GDP.MKTP.KD,United Kingdom,GBR,1997,2083180000000.0
GDP (constant 2015 US$),NY.GDP.MKTP.KD,United Kingdom,GBR,1998,2150800000000.0
GDP (constant 2015 US$),NY.GDP.MKTP.KD,United Kingdom,GBR,1999,2214130000000.0
GDP (constant 2015 US$),NY.GDP.MKTP.KD,United Kingdom,GBR,2000,2314310000000.0
GDP (constant 2015 US$),NY.GDP.MKTP.KD,United Kingdom,GBR,2001,2369640000000.0
GDP (constant 2015 US$),NY.GDP.MKTP.KD,United Kingdom,GBR,2002,2410140000000.0
GDP (constant 2015 US$),NY.GDP.MKTP.KD,United Kingdom,GBR,2003,2487710000000.0
GDP (constant 2015 US$),NY.GDP.MKTP.KD,United Kingdom,GBR,2004,2545580000000.0
GDP (constant 2015 US$),NY.GDP.MKTP.KD,United Kingdom,GBR,2005,2616610000000.0
GDP (constant 2015 US$),NY.GDP.MKTP.KD,United Kingdom,GBR,2006,2673910000000.0
GDP (constant 2015 US$),NY.GDP.MKTP.KD,United Kingdom,GBR,2007,2752280000000.0
GDP (constant 2015 US$),NY.GDP.MKTP.KD,United Kingdom,GBR,2008,2750920000000.0
GDP (constant 2015 US$),NY.GDP.MKTP.KD,United Kingdom,GBR,2009,2624730000000.0
GDP (constant 2015 US$),NY.GDP.MKTP.KD,United Kingdom,GBR,2010,2684060000000.0
GDP (constant 2015 US$),NY.GDP.MKTP.KD,United Kingdom,GBR,2011,2706910000000.0
GDP (constant 2015 US$),NY.GDP.MKTP.KD,United Kingdom,GBR,2012,2748280000000.0
GDP (constant 2015 US$),NY.GDP.MKTP.KD,United Kingdom,GBR,2013,2795510000000.0
GDP (constant 2015 US$),NY.GDP.MKTP.KD,United Kingdom,GBR,2014,2883850000000.0
GDP (constant 2015 US$),NY.GDP.MKTP.KD,United Kingdom,GBR,2015,2945580000000.0
GDP (constant 2015 US$),NY.GDP.MKTP.KD,United Kingdom,GBR,2016,3010570000000.0
GDP (constant 2015 US$),NY.GDP.MKTP.KD,United Kingdom,GBR,2017,3101590000000.0
GDP (constant 2015 US$),NY.GDP.MKTP.KD,United Kingdom,GBR,2018,3149710000000.0
GDP (constant 2015 US$),NY.GDP.MKTP.KD,United Kingdom,GBR,2019,3189280000000.0
GDP (constant 2015 US$),NY.GDP.MKTP.KD,United Kingdom,GBR,2020,2868820000000.0
GDP (constant 2015 US$),NY.GDP.MKTP.KD,United Kingdom,GBR,2021,3113910000000.0
GDP (constant 2015 US$),NY.GDP.MKTP.KD,United Kingdom,GBR,2022,3274270000000.0
GDP (constant 2015 US$),NY.GDP.MKTP.KD,United Kingdom,GBR,2023,3283160000000.0
GDP (constant 2015 US$),NY.GDP.MKTP.KD,United Kingdom,GBR,2024,3320140000000.0
GDP (constant 2015 US$),NY.GDP.MKTP.KD,United Kingdom,GBR,2025,
GDP (constant 2015 US$),NY.GDP.MKTP.KD,Italy,ITA,1976,1065140000000.0
GDP (constant 2015 US$),NY.GDP.MKTP.KD,Italy,ITA,1977,1092420000000.0
GDP (constant 2015 US$),NY.GDP.MKTP.KD,Italy,ITA,1978,1127810000000.0
GDP (constant 2015 US$),NY.GDP.MKTP.KD,Italy,ITA,1979,1195020000000.0
GDP (constant 2015 US$),NY.GDP.MKTP.KD,Italy,ITA,1980,1236010000000.0
GDP (constant 2015 US$),NY.GDP.MKTP.KD,Italy,ITA,1981,1246450000000.0
GDP (constant 2015 US$),NY.GDP.MKTP.KD,Italy,ITA,1982,1251600000000.0
GDP (constant 2015 US$),NY.GDP.MKTP.KD,Italy,ITA,1983,1266230000000.0
GDP (constant 2015 US$),NY.GDP.MKTP.KD,Italy,ITA,1984,1307080000000.0
GDP (constant 2015 US$),NY.GDP.MKTP.KD,Italy,ITA,1985,1343650000000.0
GDP (constant 2015 US$),NY.GDP.MKTP.KD,Italy,ITA,1986,1382080000000.0
GDP (constant 2015 US$),NY.GDP.MKTP.KD,Italy,ITA,1987,1426200000000.0
GDP (constant 2015 US$),NY.GDP.MKTP.KD,Italy,ITA,1988,1486020000000.0
GDP (constant 2015 US$),NY.GDP.MKTP.KD,Italy,ITA,1989,1536370000000.0
GDP (constant 2015 US$),NY.GDP.MKTP.KD,Italy,ITA,1990,1566880000000.0
GDP (constant 2015 US$),NY.GDP.MKTP.KD,Italy,ITA,1991,1590980000000.0
GDP (constant 2015 US$),NY.GDP.MKTP.KD,Italy,ITA,1992,1604260000000.0
GDP (constant 2015 US$),NY.GDP.MKTP.KD,Italy,ITA,1993,1590580000000.0
GDP (constant 2015 US$),NY.GDP.MKTP.KD,Italy,ITA,1994,1624790000000.0
GDP (constant 2015 US$),NY.GDP.MKTP.KD,Italy,ITA,1995,1671700000000.0
GDP (constant 2015 US$),NY.GDP.MKTP.KD,Italy,ITA,1996,1694190000000.0
GDP (constant 2015 US$),NY.GDP.MKTP.KD,Italy,ITA,1997,1726810000000.0
GDP (constant 2015 US$),NY.GDP.MKTP.KD,Italy,ITA,1998,1757970000000.0
GDP (constant 2015 US$),NY.GDP.MKTP.KD,Italy,ITA,1999,1787470000000.0
GDP (constant 2015 US$),NY.GDP.MKTP.KD,Italy,ITA,2000,1856860000000.0
GDP (constant 2015 US$),NY.GDP.MKTP.KD,Italy,ITA,2001,1894120000000.0
GDP (constant 2015 US$),NY.GDP.MKTP.KD,Italy,ITA,2002,1899230000000.0
GDP (constant 2015 US$),NY.GDP.MKTP.KD,Italy,ITA,2003,1900500000000.0
GDP (constant 2015 US$),NY.GDP.MKTP.KD,Italy,ITA,2004,1928510000000.0
GDP (constant 2015 US$),NY.GDP.MKTP.KD,Italy,ITA,2005,1943210000000.0
GDP (constant 2015 US$),NY.GDP.MKTP.KD,Italy,ITA,2006,1978180000000.0
GDP (constant 2015 US$),NY.GDP.MKTP.KD,Italy,ITA,2007,2007110000000.0
GDP (constant 2015 US$),NY.GDP.MKTP.KD,Italy,ITA,2008,1986570000000.0
GDP (constant 2015 US$),NY.GDP.MKTP.KD,Italy,ITA,2009,1881180000000.0
GDP (constant 2015 US$),NY.GDP.MKTP.KD,Italy,ITA,2010,1909950000000.0
GDP (constant 2015 US$),NY.GDP.MKTP.KD,Italy,ITA,2011,1923230000000.0
GDP (constant 2015 US$),NY.GDP.MKTP.KD,Italy,ITA,2012,1863120000000.0
GDP (constant 2015 US$),NY.GDP.MKTP.KD,Italy,ITA,2013,1829250000000.0
GDP (constant 2015 US$),NY.GDP.MKTP.KD,Italy,ITA,2014,1829230000000.0
GDP (constant 2015 US$),NY.GDP.MKTP.KD,Italy,ITA,2015,1845430000000.0
GDP (constant 2015 US$),NY.GDP.MKTP.KD,Italy,ITA,2016,1868240000000.0
GDP (constant 2015 US$),NY.GDP.MKTP.KD,Italy,ITA,2017,1898200000000.0
GDP (constant 2015 US$),NY.GDP.MKTP.KD,Italy,ITA,2018,1913890000000.0
GDP (constant 2015 US$),NY.GDP.MKTP.KD,Italy,ITA,2019,1922110000000.0
GDP (constant 2015 US$),NY.GDP.MKTP.KD,Italy,ITA,2020,1751650000000.0
GDP (constant 2015 US$),NY.GDP.MKTP.KD,Italy,ITA,2021,1908090000000.0
GDP (constant 2015 US$),NY.GDP.MKTP.KD,Italy,ITA,2022,2000080000000.0
GDP (constant 2015 US$),NY.GDP.MKTP.KD,Italy,ITA,2023,2019600000000.0
GDP (constant 2015 US$),NY.GDP.MKTP.KD,Italy,ITA,2024,2033590000000.0
GDP (constant 2015 US$),NY.GDP.MKTP.KD,Italy,ITA,2025,
GDP (constant 2015 US$),NY.GDP.MKTP.KD,Japan,JPN,1976,1894840000000.0
GDP (constant 2015 US$),NY.GDP.MKTP.KD,Japan,JPN,1977,1978030000000.0
GDP (constant 2015 US$),NY.GDP.MKTP.KD,Japan,JPN,1978,2082310000000.0
GDP (constant 2015 US$),NY.GDP.MKTP.KD,Japan,JPN,1979,2196500000000.0
GDP (constant 2015 US$),NY.GDP.MKTP.KD,Japan,JPN,1980,2258390000000.0
GDP (constant 2015 US$),NY.GDP.MKTP.KD,Japan,JPN,1981,2354610000000.0
GDP (constant 2015 US$),NY.GDP.MKTP.KD,Japan,JPN,1982,2431840000000.0
GDP (constant 2015 US$),NY.GDP.MKTP.KD,Japan,JPN,1983,2520120000000.0
GDP (constant 2015 US$),NY.GDP.MKTP.KD,Japan,JPN,1984,2631280000000.0
GDP (constant 2015 US$),NY.GDP.MKTP.KD,Japan,JPN,1985,2767050000000.0
GDP (constant 2015 US$),NY.GDP.MKTP.KD,Japan,JPN,1986,2858190000000.0
GDP (constant 2015 US$),NY.GDP.MKTP.KD,Japan,JPN,1987,2991070000000.0
GDP (constant 2015 US$),NY.GDP.MKTP.KD,Japan,JPN,1988,3190320000000.0
GDP (constant 2015 US$),NY.GDP.MKTP.KD,Japan,JPN,1989,3347470000000.0
GDP (constant 2015 US$),NY.GDP.MKTP.KD,Japan,JPN,1990,3509520000000.0
GDP (constant 2015 US$),NY.GDP.MKTP.KD,Japan,JPN,1991,3633170000000.0
GDP (constant 2015 US$),NY.GDP.MKTP.KD,Japan,JPN,1992,3665890000000.0
GDP (constant 2015 US$),NY.GDP.MKTP.KD,Japan,JPN,1993,3649060000000.0
GDP (constant 2015 US$),NY.GDP.MKTP.KD,Japan,JPN,1994,3688590000000.0
GDP (constant 2015 US$),NY.GDP.MKTP.KD,Japan,JPN,1995,3785640000000.0
GDP (constant 2015 US$),NY.GDP.MKTP.KD,Japan,JPN,1996,3904270000000.0
GDP (constant 2015 US$),NY.GDP.MKTP.KD,Japan,JPN,1997,3942580000000.0
GDP (constant 2015 US$),NY.GDP.MKTP.KD,Japan,JPN,1998,3892500000000.0
GDP (constant 2015 US$),NY.GDP.MKTP.KD,Japan,JPN,1999,3879500000000.0
GDP (constant 2015 US$),NY.GDP.MKTP.KD,Japan,JPN,2000,3986760000000.0
GDP (constant 2015 US$),NY.GDP.MKTP.KD,Japan,JPN,2001,4002150000000.0
GDP (constant 2015 US$),NY.GDP.MKTP.KD,Japan,JPN,2002,4003830000000.0
GDP (constant 2015 US$),NY.GDP.MKTP.KD,Japan,JPN,2003,4065290000000.0
GDP (constant 2015 US$),NY.GDP.MKTP.KD,Japan,JPN,2004,4154160000000.0
GDP (constant 2015 US$),NY.GDP.MKTP.KD,Japan,JPN,2005,4229100000000.0
GDP (constant 2015 US$),NY.GDP.MKTP.KD,Japan,JPN,2006,4287140000000.0
GDP (constant 2015 US$),NY.GDP.MKTP.KD,Japan,JPN,2007,4350760000000.0
GDP (constant 2015 US$),NY.GDP.MKTP.KD,Japan,JPN,2008,4297490000000.0
GDP (constant 2015 US$),NY.GDP.MKTP.KD,Japan,JPN,2009,4052830000000.0
GDP (constant 2015 US$),NY.GDP.MKTP.KD,Japan,JPN,2010,4218910000000.0
GDP (constant 2015 US$),NY.GDP.MKTP.KD,Japan,JPN,2011,4219910000000.0
GDP (constant 2015 US$),NY.GDP.MKTP.KD,Japan,JPN,2012,4277930000000.0
GDP (constant 2015 US$),NY.GDP.MKTP.KD,Japan,JPN,2013,4363700000000.0
GDP (constant 2015 US$),NY.GDP.MKTP.KD,Japan,JPN,2014,4376630000000.0
GDP (constant 2015 US$),NY.GDP.MKTP.KD,Japan,JPN,2015,4444930000000.0
GDP (constant 2015 US$),NY.GDP.MKTP.KD,Japan,JPN,2016,4478440000000.0
GDP (constant 2015 US$),NY.GDP.MKTP.KD,Japan,JPN,2017,4553470000000.0
GDP (constant 2015 US$),NY.GDP.MKTP.KD,Japan,JPN,2018,4582760000000.0
GDP (constant 2015 US$),NY.GDP.MKTP.KD,Japan,JPN,2019,4564330000000.0
GDP (constant 2015 US$),NY.GDP.MKTP.KD,Japan,JPN,2020,4374060000000.0
GDP (constant 2015 US$),NY.GDP.MKTP.KD,Japan,JPN,2021,4492010000000.0
GDP (constant 2015 US$),NY.GDP.MKTP.KD,Japan,JPN,2022,4534320000000.0
GDP (constant 2015 US$),NY.GDP.MKTP.KD,Japan,JPN,2023,4601200000000.0
GDP (constant 2015 US$),NY.GDP.MKTP.KD,Japan,JPN,2024,4606000000000.0
GDP (constant 2015 US$),NY.GDP.MKTP.KD,Japan,JPN,2025,
GDP (constant 2015 US$),NY.GDP.MKTP.KD,United States,USA,1976,6185750000000.0
GDP (constant 2015 US$),NY.GDP.MKTP.KD,United States,USA,1977,6471790000000.0
GDP (constant 2015 US$),NY.GDP.MKTP.KD,United States,USA,1978,6830020000000.0
GDP (constant 2015 US$),NY.GDP.MKTP.KD,United States,USA,1979,7046260000000.0
GDP (constant 2015 US$),NY.GDP.MKTP.KD,United States,USA,1980,7028170000000.0
GDP (constant 2015 US$),NY.GDP.MKTP.KD,United States,USA,1981,7206520000000.0
GDP (constant 2015 US$),NY.GDP.MKTP.KD,United States,USA,1982,7076580000000.0
GDP (constant 2015 US$),NY.GDP.MKTP.KD,United States,USA,1983,7400960000000.0
GDP (constant 2015 US$),NY.GDP.MKTP.KD,United States,USA,1984,7936530000000.0
GDP (constant 2015 US$),NY.GDP.MKTP.KD,United States,USA,1985,8267450000000.0
GDP (constant 2015 US$),NY.GDP.MKTP.KD,United States,USA,1986,8553720000000.0
GDP (constant 2015 US$),NY.GDP.MKTP.KD,United States,USA,1987,8849220000000.0
GDP (constant 2015 US$),NY.GDP.MKTP.KD,United States,USA,1988,9218850000000.0
GDP (constant 2015 US$),NY.GDP.MKTP.KD,United States,USA,1989,9557390000000.0
GDP (constant 2015 US$),NY.GDP.MKTP.KD,United States,USA,1990,9737640000000.0
GDP (constant 2015 US$),NY.GDP.MKTP.KD,United States,USA,1991,9727090000000.0
GDP (constant 2015 US$),NY.GDP.MKTP.KD,United States,USA,1992,10069700000000.0
GDP (constant 2015 US$),NY.GDP.MKTP.KD,United States,USA,1993,10346800000000.0
GDP (constant 2015 US$),NY.GDP.MKTP.KD,United States,USA,1994,10763700000000.0
GDP (constant 2015 US$),NY.GDP.MKTP.KD,United States,USA,1995,11052600000000.0
GDP (constant 2015 US$),NY.GDP.MKTP.KD,United States,USA,1996,11469600000000.0
GDP (constant 2015 US$),NY.GDP.MKTP.KD,United States,USA,1997,11979700000000.0
GDP (constant 2015 US$),NY.GDP.MKTP.KD,United States,USA,1998,12516800000000.0
GDP (constant 2015 US$),NY.GDP.MKTP.KD,United States,USA,1999,13116100000000.0
GDP (constant 2015 US$),NY.GDP.MKTP.KD,United States,USA,2000,13650900000000.0
GDP (constant 2015 US$),NY.GDP.MKTP.KD,United States,USA,2001,13781400000000.0
GDP (constant 2015 US$),NY.GDP.MKTP.KD,United States,USA,2002,14015700000000.0
GDP (constant 2015 US$),NY.GDP.MKTP.KD,United States,USA,2003,14407600000000.0
GDP (constant 2015 US$),NY.GDP.MKTP.KD,United States,USA,2004,14961900000000.0
GDP (constant 2015 US$),NY.GDP.MKTP.KD,United States,USA,2005,15483100000000.0
GDP (constant 2015 US$),NY.GDP.MKTP.KD,United States,USA,2006,15914300000000.0
GDP (constant 2015 US$),NY.GDP.MKTP.KD,United States,USA,2007,16233200000000.0
GDP (constant 2015 US$),NY.GDP.MKTP.KD,United States,USA,2008,16251600000000.0
GDP (constant 2015 US$),NY.GDP.MKTP.KD,United States,USA,2009,15832900000000.0
GDP (constant 2015 US$),NY.GDP.MKTP.KD,United States,USA,2010,16259600000000.0
GDP (constant 2015 US$),NY.GDP.MKTP.KD,United States,USA,2011,16514000000000.0
GDP (constant 2015 US$),NY.GDP.MKTP.KD,United States,USA,2012,16892000000000.0
GDP (constant 2015 US$),NY.GDP.MKTP.KD,United States,USA,2013,17249700000000.0
GDP (constant 2015 US$),NY.GDP.MKTP.KD,United States,USA,2014,17685100000000.0
GDP (constant 2015 US$),NY.GDP.MKTP.KD,United States,USA,2015,18206000000000.0
GDP (constant 2015 US$),NY.GDP.MKTP.KD,United States,USA,2016,18537300000000.0
GDP (constant 2015 US$),NY.GDP.MKTP.KD,United States,USA,2017,18992800000000.0
GDP (constant 2015 US$),NY.GDP.MKTP.KD,United States,USA,2018,19556300000000.0
GDP (constant 2015 US$),NY.GDP.MKTP.KD,United States,USA,2019,20061600000000.0
GDP (constant 2015 US$),NY.GDP.MKTP.KD,United States,USA,2020,19627600000000.0
GDP (constant 2015 US$),NY.GDP.MKTP.KD,United States,USA,2021,20816100000000.0
GDP (constant 2015 US$),NY.GDP.MKTP.KD,United States,USA,2022,21339100000000.0
GDP (constant 2015 US$),NY.GDP.MKTP.KD,United States,USA,2023,21955300000000.0
GDP (constant 2015 US$),NY.GDP.MKTP.KD,United States,USA,2024,22568500000000.0
GDP (constant 2015 US$),NY.GDP.MKTP.KD,United States,USA,2025,
